Model,Dataset,MAE,RMSE
LSTM_Univariate,Validation,42120.261144793156,52984.33873698519
LSTM_Univariate,Test,44773.92164179104,81381.82851347164
LSTM_Multivariate,Validation,41781.68027817404,53192.536902077976
LSTM_Multivariate,Test,40088.322014925376,78200.2008108195
