Season,MAE
Winter,23837.1171875
Spring,8206.08984375
Summer,10224.501953125
Autumn,6814.35302734375
