MAE,RMSE,R2,MAPE_%,Prediction_Time_seconds
12222.0849609375,52241.955246717174,0.9280088543891907,13.837523308969754,0.018468141555786133
